Datetime,Water Level (m)
2025-11-16 12:00:00,0.18176553
2025-11-16 13:00:00,0.06936892
2025-11-16 14:00:00,-0.02790678
2025-11-16 15:00:00,-0.075421646
2025-11-16 16:00:00,-0.11143559
2025-11-16 17:00:00,-0.11395435
2025-11-16 18:00:00,0.0426482
2025-11-16 19:00:00,0.26241916
2025-11-16 20:00:00,0.47796866
2025-11-16 21:00:00,0.6328278
2025-11-16 22:00:00,0.71079934
2025-11-16 23:00:00,0.6899343
2025-11-17 00:00:00,0.54256725
2025-11-17 01:00:00,0.36517942
2025-11-17 02:00:00,0.24531418
2025-11-17 03:00:00,0.16780451
2025-11-17 04:00:00,0.11113631
2025-11-17 05:00:00,0.058645852
2025-11-17 06:00:00,0.04535064
2025-11-17 07:00:00,0.21419348
2025-11-17 08:00:00,0.4346714
2025-11-17 09:00:00,0.63670045
2025-11-17 10:00:00,0.724433
2025-11-17 11:00:00,0.7018933
2025-11-17 12:00:00,0.5474475
2025-11-17 13:00:00,0.40409565
2025-11-17 14:00:00,0.28498098
2025-11-17 15:00:00,0.19373828
2025-11-17 16:00:00,0.1230945
2025-11-17 17:00:00,0.06458829
2025-11-17 18:00:00,0.048837245
2025-11-17 19:00:00,0.23887509
2025-11-17 20:00:00,0.49973273
2025-11-17 21:00:00,0.73669416
2025-11-17 22:00:00,0.86959666
2025-11-17 23:00:00,0.9112105
2025-11-18 00:00:00,0.80378294
2025-11-18 01:00:00,0.6112701
2025-11-18 02:00:00,0.4667926
2025-11-18 03:00:00,0.34946993
2025-11-18 04:00:00,0.26876056
2025-11-18 05:00:00,0.20077069
2025-11-18 06:00:00,0.14485613
2025-11-18 07:00:00,0.15242863
2025-11-18 08:00:00,0.35698453
2025-11-18 09:00:00,0.5927958
2025-11-18 10:00:00,0.77456754
2025-11-18 11:00:00,0.8231602
2025-11-18 12:00:00,0.7375499
2025-11-18 13:00:00,0.57031643
2025-11-18 14:00:00,0.4306551
2025-11-18 15:00:00,0.315173
2025-11-18 16:00:00,0.22716592
2025-11-18 17:00:00,0.15533212
2025-11-18 18:00:00,0.10483932
2025-11-18 19:00:00,0.17561084
2025-11-18 20:00:00,0.43415344
2025-11-18 21:00:00,0.7052846
2025-11-18 22:00:00,0.8967892
2025-11-18 23:00:00,0.9957324
2025-11-19 00:00:00,0.97351956
2025-11-19 01:00:00,0.795723
2025-11-19 02:00:00,0.61883885
2025-11-19 03:00:00,0.47922072
2025-11-19 04:00:00,0.3743722
2025-11-19 05:00:00,0.2960193
2025-11-19 06:00:00,0.22792669
2025-11-19 07:00:00,0.17881444
2025-11-19 08:00:00,0.26276463
2025-11-19 09:00:00,0.49707413
2025-11-19 10:00:00,0.73563486
2025-11-19 11:00:00,0.85153043
2025-11-19 12:00:00,0.840988
2025-11-19 13:00:00,0.6896495
2025-11-19 14:00:00,0.53402907
2025-11-19 15:00:00,0.40330225
2025-11-19 16:00:00,0.30024114
2025-11-19 17:00:00,0.22034171
2025-11-19 18:00:00,0.15469955
2025-11-19 19:00:00,0.13168794
2025-11-19 20:00:00,0.33294016
2025-11-19 21:00:00,0.6094718
2025-11-19 22:00:00,0.8606755
2025-11-19 23:00:00,1.008454
2025-11-20 00:00:00,1.0590253
2025-11-20 01:00:00,0.9505213
2025-11-20 02:00:00,0.74648404
2025-11-20 03:00:00,0.58826816
2025-11-20 04:00:00,0.45993254
2025-11-20 05:00:00,0.36910838
2025-11-20 06:00:00,0.2956551
2025-11-20 07:00:00,0.2305403
2025-11-20 08:00:00,0.20852362
2025-11-20 09:00:00,0.39132687
2025-11-20 10:00:00,0.63020205
2025-11-20 11:00:00,0.8252973
2025-11-20 12:00:00,0.8770309
2025-11-20 13:00:00,0.7885604
2025-11-20 14:00:00,0.6217323
2025-11-20 15:00:00,0.47845632
2025-11-20 16:00:00,0.35951057
2025-11-20 17:00:00,0.26957566
2025-11-20 18:00:00,0.19402066
2025-11-20 19:00:00,0.13803911
2025-11-20 20:00:00,0.18699734
2025-11-20 21:00:00,0.45567635
2025-11-20 22:00:00,0.7395047
2025-11-20 23:00:00,0.941578
2025-11-21 00:00:00,1.0513505
2025-11-21 01:00:00,1.0316632
2025-11-21 02:00:00,0.84973085
2025-11-21 03:00:00,0.6641429
2025-11-21 04:00:00,0.52015036
2025-11-21 05:00:00,0.4124946
2025-11-21 06:00:00,0.33245602
2025-11-21 07:00:00,0.2637075
2025-11-21 08:00:00,0.20718992
2025-11-21 09:00:00,0.25464308
2025-11-21 10:00:00,0.48107782
2025-11-21 11:00:00,0.71380347
2025-11-21 12:00:00,0.8378662
2025-11-21 13:00:00,0.8207892
2025-11-21 14:00:00,0.6731547
2025-11-21 15:00:00,0.52161956
2025-11-21 16:00:00,0.39296824
2025-11-21 17:00:00,0.2904717
2025-11-21 18:00:00,0.21010496
2025-11-21 19:00:00,0.1432604
2025-11-21 20:00:00,0.10827301
2025-11-21 21:00:00,0.27731946
2025-11-21 22:00:00,0.5599059
2025-11-21 23:00:00,0.8202408
2025-11-22 00:00:00,0.97685486
2025-11-22 01:00:00,1.0366935
2025-11-22 02:00:00,0.9322536
2025-11-22 03:00:00,0.72555983
2025-11-22 04:00:00,0.5683845
2025-11-22 05:00:00,0.44085804
2025-11-22 06:00:00,0.35159874
2025-11-22 07:00:00,0.28084272
2025-11-22 08:00:00,0.21699674
2025-11-22 09:00:00,0.18293932
2025-11-22 10:00:00,0.32682508
2025-11-22 11:00:00,0.5415505
2025-11-22 12:00:00,0.7470359
